playerID,awardID,yearID,lgID,tie,notes,playerID,yearID,stint,teamID,lgID,G,G_batting,AB,R,H,2B,3B,HR,RBI,SB,CS,BB,SO,IBB,HBP,SH,SF,GIDP,G_old
aaronha01,MVP,1957,NL,NULL,,aaronha01,1954,1,ML1,NL,122,122,468,58,131,27,6,13,69,2,2,28,39,NULL,3,6,4,13,122
abreubo01,"Gold Glove",2005,NL,NULL,OF,abreubo01,1996,1,HOU,NL,15,15,22,1,5,1,0,0,1,0,0,2,3,0,0,0,0,1,15
ageeto01,"Gold Glove",1966,AL,NULL,OF,ageeto01,1962,1,CLE,AL,5,5,14,0,3,0,0,0,2,0,0,0,4,0,0,0,0,0,5
allendi01,MVP,1972,AL,NULL,,allendi01,1963,1,PHI,NL,10,10,24,6,7,2,1,0,2,0,0,0,5,0,0,0,1,2,10
alleyge01,"Gold Glove",1966,NL,NULL,SS,alleyge01,1963,1,PIT,NL,17,17,51,3,11,1,0,0,0,0,1,2,12,0,0,3,0,1,17
alomaro01,"Gold Glove",1991,AL,NULL,2B,alomaro01,1988,1,SDN,NL,143,143,545,84,145,24,6,9,41,24,6,47,83,5,3,16,0,15,143
alomasa02,"Gold Glove",1990,AL,NULL,C,alomasa02,1988,1,SDN,NL,1,1,1,0,0,0,0,0,0,0,0,0,1,0,0,0,0,0,1
amaroru01,"Gold Glove",1964,NL,NULL,SS,amaroru01,1958,1,SLN,NL,40,40,76,8,17,2,1,0,0,0,1,5,8,1,0,1,0,3,40
andujjo01,"Gold Glove",1984,NL,NULL,P,andujjo01,1976,1,HOU,NL,28,28,57,4,8,1,0,0,1,0,0,2,29,0,0,2,0,0,28
aparilu01,"Gold Glove",1958,AL,NULL,SS,aparilu01,1956,1,CHA,AL,152,152,533,69,142,19,6,3,56,21,4,34,63,2,1,14,1,9,152
ausmubr01,"Gold Glove",2001,NL,NULL,C,ausmubr01,1993,1,SDN,NL,49,49,160,18,41,8,1,5,12,2,0,6,28,0,0,0,0,2,49
bagweje01,"Gold Glove",1994,NL,NULL,1B,bagweje01,1991,1,HOU,NL,156,156,554,79,163,26,4,15,82,7,4,75,116,5,13,1,7,12,156
bakerdu01,"Gold Glove",1981,NL,NULL,OF,bakerdu01,1968,1,ATL,NL,6,6,5,0,2,0,0,0,0,0,0,0,1,0,0,0,0,0,6
bankser01,MVP,1958,NL,NULL,,bankser01,1953,1,CHN,NL,10,10,35,3,11,1,1,2,6,0,0,4,5,NULL,0,0,NULL,0,10
barfije01,"Gold Glove",1986,AL,NULL,OF,barfije01,1981,1,TOR,AL,25,25,95,7,22,3,2,2,9,4,3,4,19,0,1,0,0,4,25
batteea01,"Gold Glove",1960,AL,NULL,C,batteea01,1955,1,CHA,AL,5,5,7,1,2,0,0,0,0,0,0,1,1,0,1,0,0,1,5
baylodo01,MVP,1979,AL,NULL,,baylodo01,1970,1,BAL,AL,8,8,17,4,4,0,0,0,4,1,1,2,3,0,0,0,1,0,8
beckegl01,"Gold Glove",1968,NL,NULL,2B,beckegl01,1965,1,CHN,NL,154,154,614,73,147,21,3,3,30,6,8,28,52,0,3,6,2,14,154
belanma01,"Gold Glove",1969,AL,NULL,SS,belanma01,1965,1,BAL,AL,11,11,3,1,1,0,0,0,0,0,1,0,0,0,0,0,0,0,11
bellbu01,"Gold Glove",1979,AL,NULL,3B,bellbu01,1972,1,CLE,AL,132,132,466,49,119,21,1,9,36,5,6,34,29,8,3,1,1,5,132
bellge02,MVP,1987,AL,NULL,,bellge02,1981,1,TOR,AL,60,60,163,19,38,2,1,5,12,3,2,5,27,1,0,0,0,1,60
bellja01,"Gold Glove",1993,NL,NULL,SS,bellja01,1986,1,CLE,AL,5,5,14,3,5,2,0,1,4,0,0,2,3,0,0,0,0,0,5
beltrad01,"Gold Glove",2007,AL,NULL,3B,beltrad01,1998,1,LAN,NL,77,77,195,18,42,9,0,7,22,3,1,14,37,0,3,2,0,4,77
beltrca01,"Gold Glove",2006,NL,NULL,OF,beltrca01,1998,1,KCA,AL,14,14,58,12,16,5,3,0,7,3,0,3,12,0,1,0,1,2,14
benchjo01,"Gold Glove",1968,NL,NULL,C,benchjo01,1967,1,CIN,NL,26,26,86,7,14,3,1,1,6,0,1,5,19,0,0,1,1,4,26
beniqju01,"Gold Glove",1977,AL,NULL,OF,beniqju01,1971,1,BOS,AL,16,16,57,8,17,2,0,0,4,3,1,3,4,0,0,3,0,3,16
berrayo01,MVP,1951,AL,NULL,,berrayo01,1946,1,NYA,AL,7,7,22,3,8,1,0,2,4,0,0,1,1,NULL,0,0,NULL,0,7
berryke01,"Gold Glove",1970,AL,NULL,OF,berryke01,1962,1,CHA,AL,3,3,6,2,2,0,0,0,0,0,0,0,0,0,0,0,0,0,3
biggicr01,"Gold Glove",1994,NL,NULL,2B,biggicr01,1988,1,HOU,NL,50,50,123,14,26,6,1,3,5,6,1,7,29,2,0,1,0,1,50
blairpa01,"Gold Glove",1967,AL,NULL,OF,blairpa01,1964,1,BAL,AL,8,8,1,0,0,0,0,0,0,0,1,0,1,0,0,0,0,0,8
bluevi01,MVP,1971,AL,NULL,,bluevi01,1969,1,OAK,AL,12,12,10,1,0,0,0,0,0,0,0,2,4,0,0,0,0,0,12
boddimi01,"Gold Glove",1990,AL,NULL,P,boddimi01,1980,1,BAL,AL,1,0,NULL,NULL,NULL,NULL,NULL,NULL,NULL,NULL,NULL,NULL,NULL,NULL,NULL,NULL,NULL,NULL,1
boggswa01,"Gold Glove",1994,AL,NULL,3B,boggswa01,1982,1,BOS,AL,104,104,338,51,118,14,1,5,44,1,0,35,21,4,0,4,4,9,104
bollifr01,"Gold Glove",1958,AL,NULL,2B,bollifr01,1954,1,DET,AL,117,117,368,46,87,15,2,6,38,3,5,36,51,NULL,0,6,3,5,117
bondsba01,"Gold Glove",1990,NL,NULL,OF,bondsba01,1986,1,PIT,NL,113,113,413,72,92,26,3,16,48,36,7,65,102,2,2,2,2,4,113
bondsbo01,"Gold Glove",1971,NL,NULL,OF,bondsbo01,1968,1,SFN,NL,81,81,307,55,78,10,5,9,35,16,7,38,84,0,1,1,2,0,81
boonebo01,"Gold Glove",1978,NL,NULL,C,boonebo01,1972,1,PHI,NL,16,16,51,4,14,1,0,1,4,1,0,5,7,2,0,0,1,2,16
boonebr01,"Gold Glove",1998,NL,NULL,2B,boonebr01,1992,1,SEA,AL,33,33,129,15,25,4,0,4,15,1,1,4,34,0,1,1,0,4,33
bottoji01,MVP,1928,NL,NULL,,bottoji01,1922,1,SLN,NL,37,37,151,29,49,8,5,5,35,3,1,6,13,NULL,2,2,NULL,NULL,37
boudrlo01,MVP,1948,AL,NULL,,boudrlo01,1938,1,CLE,AL,1,1,1,0,0,0,0,0,0,0,0,1,0,NULL,0,0,NULL,NULL,1
bournmi01,"Gold Glove",2009,NL,NULL,OF,bournmi01,2006,1,PHI,NL,17,17,8,2,1,0,0,0,0,1,2,1,3,0,0,2,0,0,17
bowala01,"Gold Glove",1972,NL,NULL,SS,bowala01,1970,1,PHI,NL,145,145,547,50,137,17,6,0,34,24,13,21,48,1,0,6,3,8,145
boyercl02,"Gold Glove",1969,NL,NULL,3B,boyercl02,1955,1,KC1,AL,47,47,79,3,19,1,0,0,6,0,0,3,17,0,0,0,0,3,47
boyerke01,"Gold Glove",1958,NL,NULL,3B,boyerke01,1955,1,SLN,NL,147,147,530,78,140,27,2,18,62,22,17,37,67,5,1,1,5,6,147
brandja01,"Gold Glove",1959,NL,NULL,LF,brandja01,1956,1,SLN,NL,27,27,42,9,12,3,0,1,3,0,1,4,5,0,1,1,0,1,27
brettge01,MVP,1980,AL,NULL,,brettge01,1973,1,KCA,AL,13,13,40,2,5,2,0,0,0,0,0,0,5,0,0,1,0,0,13
brinked01,"Gold Glove",1972,AL,NULL,SS,brinked01,1961,1,WS2,AL,4,4,11,0,1,0,0,0,0,0,0,1,1,0,0,0,0,0,4
brosisc01,"Gold Glove",1999,AL,NULL,3B,brosisc01,1991,1,OAK,AL,36,36,68,9,16,5,0,2,4,3,1,3,11,0,0,1,0,2,36
buehrma01,"Gold Glove",2009,AL,NULL,P,buehrma01,2000,1,CHA,AL,28,0,NULL,NULL,NULL,NULL,NULL,NULL,NULL,NULL,NULL,NULL,NULL,NULL,NULL,NULL,NULL,NULL,28
buhneja01,"Gold Glove",1996,AL,NULL,OF,buhneja01,1987,1,NYA,AL,7,7,22,0,5,2,0,0,1,0,0,1,6,0,0,0,0,1,7
burksel01,"Gold Glove",1990,AL,NULL,OF,burksel01,1987,1,BOS,AL,133,133,558,94,152,30,2,20,59,27,6,41,98,0,2,4,1,1,133
burleri01,"Gold Glove",1979,AL,NULL,SS,burleri01,1974,1,BOS,AL,114,114,384,36,109,22,0,4,44,3,3,21,34,0,2,3,5,13,114
burnsge02,MVP,1926,AL,NULL,,burnsge02,1914,1,DET,AL,137,137,478,55,139,22,5,5,57,23,13,32,56,NULL,12,22,NULL,NULL,137
burroje01,MVP,1974,AL,NULL,,burroje01,1970,1,WS2,AL,6,6,12,1,2,0,0,0,1,0,0,2,5,0,0,0,0,0,6
cabreor01,"Gold Glove",2001,NL,NULL,SS,cabreor01,1997,1,MON,NL,16,16,18,4,4,0,0,0,2,1,2,1,3,0,0,1,0,1,16
camermi01,"Gold Glove",2001,AL,NULL,OF,camermi01,1995,1,CHA,AL,28,28,38,4,7,2,0,1,2,0,0,3,15,0,0,3,0,0,28
camildo01,MVP,1941,NL,NULL,,camildo01,1933,1,CHN,NL,16,16,58,8,13,2,1,2,7,3,NULL,4,11,NULL,0,1,NULL,2,16
caminke01,"Gold Glove",1995,NL,NULL,3B,caminke01,1987,1,HOU,NL,63,63,203,10,50,7,1,3,23,0,0,12,44,1,0,2,1,6,63
camparo01,MVP,1951,NL,NULL,,camparo01,1948,1,BRO,NL,83,83,279,32,72,11,3,9,45,3,NULL,36,45,NULL,1,5,NULL,3,83
cansejo01,MVP,1988,AL,NULL,,cansejo01,1985,1,OAK,AL,29,29,96,16,29,3,0,5,13,1,1,4,31,0,0,0,0,1,29
cardele01,"Gold Glove",1965,NL,NULL,SS,cardele01,1960,1,CIN,NL,48,48,142,13,33,2,4,1,12,0,0,6,32,0,0,5,0,1,48
carewro01,MVP,1977,AL,NULL,,carewro01,1967,1,MIN,AL,137,137,514,66,150,22,7,8,51,5,9,37,91,4,2,7,1,12,137
carltst01,"Gold Glove",1981,NL,NULL,P,carltst01,1965,1,SLN,NL,15,15,2,0,0,0,0,0,0,0,0,0,1,0,0,0,0,0,15
cartega01,"Gold Glove",1980,NL,NULL,C,cartega01,1974,1,MON,NL,9,9,27,5,11,0,1,1,6,2,0,1,2,0,0,0,1,0,9
castilu01,"Gold Glove",2003,NL,NULL,2B,castilu01,1996,1,FLO,NL,41,41,164,26,43,2,1,1,8,17,4,14,46,0,0,2,0,0,41
cavarph01,MVP,1945,NL,NULL,,cavarph01,1934,1,CHN,NL,7,7,21,5,8,0,1,1,6,1,NULL,2,3,NULL,0,0,NULL,0,7
cedence01,"Gold Glove",1972,NL,NULL,OF,cedence01,1970,1,HOU,NL,90,90,355,46,110,21,4,7,42,17,4,15,57,2,2,3,2,8,90
cepedor01,MVP,1967,NL,NULL,,cepedor01,1958,1,SFN,NL,148,148,603,88,188,38,4,25,96,15,11,29,84,7,3,0,9,18,148
chambch01,"Gold Glove",1978,AL,NULL,1B,chambch01,1971,1,CLE,AL,111,111,415,49,114,20,4,9,48,2,0,40,83,1,2,2,0,9,111
chandsp01,MVP,1943,AL,NULL,,chandsp01,1937,1,NYA,AL,12,12,30,2,4,0,0,0,6,0,1,1,7,NULL,0,5,NULL,NULL,12
chaveer01,"Gold Glove",2001,AL,NULL,3B,chaveer01,1998,1,OAK,AL,16,16,45,6,14,4,1,0,6,1,1,3,5,1,0,0,0,1,16
clarkwi02,"Gold Glove",1991,NL,NULL,1B,clarkwi02,1986,1,SFN,NL,111,111,408,66,117,27,2,11,41,4,7,34,76,10,3,9,4,3,111
clemero01,"Gold Glove",1961,NL,NULL,OF,clemero01,1955,1,PIT,NL,124,124,474,48,121,23,11,5,47,2,5,18,60,3,2,4,3,14,124
clemero02,MVP,1986,AL,NULL,,clemero02,1984,1,BOS,AL,21,0,NULL,NULL,NULL,NULL,NULL,NULL,NULL,NULL,NULL,NULL,NULL,NULL,NULL,NULL,NULL,NULL,21
cobbty01,MVP,1911,AL,NULL,,cobbty01,1905,1,DET,AL,41,41,150,19,36,6,0,1,15,2,NULL,10,NULL,NULL,0,4,NULL,NULL,41
cochrmi01,MVP,1928,AL,NULL,,cochrmi01,1925,1,PHA,AL,134,134,420,69,139,21,5,6,55,7,4,44,19,NULL,2,8,NULL,NULL,134
collied01,MVP,1914,AL,NULL,,collied01,1906,1,PHA,AL,6,6,15,2,3,0,0,0,0,0,NULL,0,NULL,NULL,0,3,NULL,NULL,6
conceda01,"Gold Glove",1974,NL,NULL,SS,conceda01,1970,1,CIN,NL,101,101,265,38,69,6,3,1,19,10,2,23,45,5,3,3,2,10,101
coopece01,"Gold Glove",1979,AL,NULL,1B,coopece01,1971,1,BOS,AL,14,14,42,9,13,4,1,0,3,1,0,5,4,1,1,0,1,0,14
coopemo01,MVP,1942,NL,NULL,,coopemo01,1938,1,SLN,NL,4,4,9,0,2,1,0,0,0,0,NULL,0,3,NULL,0,1,NULL,0,4
cowenal01,"Gold Glove",1977,AL,NULL,OF,cowenal01,1974,1,KCA,AL,110,110,269,28,65,7,1,1,25,5,0,23,38,0,1,2,1,10,110
crandde01,"Gold Glove",1958,NL,NULL,C,crandde01,1949,1,BSN,NL,67,67,228,21,60,10,1,4,34,2,NULL,9,18,NULL,0,2,NULL,8,67
cruzjo02,"Gold Glove",2003,NL,NULL,OF,cruzjo02,1997,1,SEA,AL,49,49,183,28,49,12,1,12,34,1,0,13,45,0,0,1,1,3,49
darliro01,"Gold Glove",1989,NL,NULL,P,darliro01,1983,1,NYN,NL,5,5,10,0,1,0,0,0,0,0,0,0,3,0,0,1,0,0,5
daubeja01,MVP,1913,NL,NULL,,daubeja01,1910,1,BRO,NL,144,144,552,67,146,15,15,8,50,23,NULL,47,53,NULL,5,31,NULL,NULL,144
davalvi01,"Gold Glove",1964,AL,NULL,OF,davalvi01,1963,1,CLE,AL,90,90,370,44,108,18,5,7,36,3,3,16,41,0,1,5,2,4,90
davenji01,"Gold Glove",1962,NL,NULL,3B,davenji01,1958,1,SFN,NL,134,134,434,70,111,22,3,12,41,1,3,33,64,0,7,17,2,4,134
daviser01,"Gold Glove",1987,NL,NULL,OF,daviser01,1984,1,CIN,NL,57,57,174,33,39,10,1,10,30,10,2,24,48,0,1,0,1,1,57
davisjo02,"Gold Glove",1986,NL,NULL,C,davisjo02,1981,1,CHN,NL,56,56,180,14,46,5,1,4,21,0,1,21,28,3,1,3,2,6,56
daviswi02,"Gold Glove",1971,NL,NULL,OF,daviswi02,1960,1,LAN,NL,22,22,88,12,28,6,1,2,10,3,5,4,12,2,0,2,0,1,22
dawsoan01,"Gold Glove",1980,NL,NULL,OF,dawsoan01,1976,1,MON,NL,24,24,85,9,20,4,1,0,7,1,2,5,13,1,0,2,0,0,24
deandi01,MVP,1934,NL,NULL,,deandi01,1930,1,SLN,NL,1,1,3,1,1,0,0,0,0,0,NULL,0,0,NULL,0,0,NULL,NULL,1
dernibo01,"Gold Glove",1984,NL,NULL,OF,dernibo01,1980,1,PHI,NL,10,10,7,5,4,0,0,0,1,3,0,1,0,0,0,0,0,0,10
dimagjo01,MVP,1939,AL,NULL,,dimagjo01,1936,1,NYA,AL,138,138,637,132,206,44,15,29,125,4,0,24,39,NULL,4,3,NULL,NULL,138
doylela01,MVP,1912,NL,NULL,,doylela01,1907,1,NY1,NL,69,69,227,16,59,3,0,0,16,3,NULL,20,NULL,NULL,0,4,NULL,NULL,69
dyeje01,"Gold Glove",2000,AL,NULL,OF,dyeje01,1996,1,ATL,NL,98,98,292,32,82,16,0,12,37,1,4,8,67,0,3,0,3,11,98
eckerde01,MVP,1992,AL,NULL,,eckerde01,1975,1,CLE,AL,34,0,NULL,NULL,NULL,NULL,NULL,NULL,NULL,NULL,NULL,NULL,NULL,NULL,NULL,NULL,NULL,NULL,34
edmonji01,"Gold Glove",1997,AL,NULL,OF,edmonji01,1993,1,CAL,AL,18,18,61,5,15,4,1,0,4,0,2,2,16,1,0,0,0,1,18
edwarjo01,"Gold Glove",1963,NL,NULL,C,edwarjo01,1961,1,CIN,NL,52,52,145,14,27,5,0,2,14,1,0,18,28,4,1,0,1,3,52
elliobo01,MVP,1947,NL,NULL,,elliobo01,1939,1,PIT,NL,32,32,129,18,43,10,3,3,19,0,NULL,9,4,NULL,0,2,NULL,4,32
erstada01,"Gold Glove",2000,AL,NULL,OF,erstada01,1996,1,CAL,AL,57,57,208,34,59,5,1,4,20,3,3,17,29,1,0,1,3,3,57
evansdw01,"Gold Glove",1976,AL,NULL,OF,evansdw01,1972,1,BOS,AL,18,18,57,2,15,3,1,1,6,0,0,7,13,0,0,0,0,2,18
eversjo01,MVP,1914,NL,NULL,,eversjo01,1902,1,CHN,NL,26,26,90,7,20,0,0,0,2,1,NULL,3,NULL,NULL,2,3,NULL,NULL,26
fernato01,"Gold Glove",1986,AL,NULL,SS,fernato01,1983,1,TOR,AL,15,15,34,5,9,1,1,0,2,0,1,2,2,0,1,1,0,1,15
fingero01,MVP,1981,AL,NULL,,fingero01,1968,1,OAK,AL,1,1,0,0,0,0,0,0,0,0,0,0,0,0,0,0,0,0,1
finlest01,"Gold Glove",1995,NL,NULL,OF,finlest01,1989,1,BAL,AL,81,81,217,35,54,5,2,2,25,17,3,15,30,1,1,6,2,3,81
fiskca01,"Gold Glove",1972,AL,NULL,C,fiskca01,1969,1,BOS,AL,2,2,5,0,0,0,0,0,0,0,0,0,2,0,0,0,0,0,2
floodcu01,"Gold Glove",1963,NL,NULL,OF,floodcu01,1956,1,CIN,NL,5,5,1,0,0,0,0,0,0,0,0,0,1,0,0,0,0,0,5
flynndo01,"Gold Glove",1980,NL,NULL,2B,flynndo01,1975,1,CIN,NL,90,89,127,17,34,7,0,1,20,3,0,11,13,2,0,4,1,5,89
fossera01,"Gold Glove",1970,AL,NULL,C,fossera01,1967,1,CLE,AL,7,7,16,0,1,0,0,0,0,0,0,0,5,0,0,0,0,0,7
fostege01,MVP,1977,NL,NULL,,fostege01,1969,1,SFN,NL,9,9,5,1,2,0,0,0,1,0,0,0,1,0,0,0,0,0,9
foxne01,"Gold Glove",1957,ML,NULL,2B,foxne01,1947,1,PHA,AL,7,7,3,2,0,0,0,0,0,0,0,1,0,NULL,0,0,NULL,0,7
foxxji01,MVP,1932,AL,NULL,,foxxji01,1925,1,PHA,AL,10,10,9,2,6,1,0,0,0,0,0,0,1,NULL,0,0,NULL,NULL,10
francje02,"Gold Glove",2007,NL,NULL,OF,francje02,2006,1,ATL,NL,162,162,651,83,169,24,6,29,103,1,6,23,132,6,9,0,3,16,162
freehbi01,"Gold Glove",1965,AL,NULL,C,freehbi01,1961,1,DET,AL,4,4,10,1,4,0,0,0,4,0,0,1,0,0,0,0,0,0,4
fregoji01,"Gold Glove",1967,AL,NULL,SS,fregoji01,1961,1,LAA,AL,11,11,27,7,6,0,0,0,3,0,0,1,4,0,0,1,0,2,11
friscfr01,MVP,1931,NL,NULL,,friscfr01,1919,1,NY1,NL,54,54,190,21,43,3,2,2,24,15,NULL,4,14,NULL,0,3,NULL,NULL,54
frymatr01,"Gold Glove",2000,AL,NULL,3B,frymatr01,1990,1,DET,AL,66,66,232,32,69,11,1,9,27,3,3,17,51,0,1,1,0,3,66
gaettga01,"Gold Glove",1986,AL,NULL,3B,gaettga01,1981,1,MIN,AL,9,9,26,4,5,0,0,2,3,0,0,0,6,0,0,0,0,1,9
galaran01,"Gold Glove",1989,NL,NULL,1B,galaran01,1985,1,MON,NL,24,24,75,9,14,1,0,2,4,1,2,3,18,0,1,0,0,0,24
garvest01,"Gold Glove",1974,NL,NULL,1B,garvest01,1969,1,LAN,NL,3,3,3,0,1,0,0,0,0,0,0,0,1,0,0,0,0,0,3
gehrich01,MVP,1937,AL,NULL,,gehrich01,1924,1,DET,AL,5,5,13,2,6,0,0,0,1,1,1,0,2,NULL,0,0,NULL,NULL,5
gehrilo01,MVP,1927,AL,NULL,,gehrilo01,1923,1,NYA,AL,13,13,26,6,11,4,1,1,9,0,0,2,5,NULL,0,1,NULL,NULL,13
geronce01,"Gold Glove",1974,NL,NULL,OF,geronce01,1969,1,HOU,NL,28,28,8,8,2,1,0,0,0,0,0,0,3,0,0,0,0,0,28
giambja01,MVP,2000,AL,NULL,,giambja01,1995,1,OAK,AL,54,54,176,27,45,7,0,6,25,2,1,28,31,0,3,1,2,4,54
gibsobo01,"Gold Glove",1965,NL,NULL,P,gibsobo01,1959,1,SLN,NL,21,21,26,1,3,2,0,0,1,0,0,0,10,0,0,1,0,0,21
gibsoki01,MVP,1988,NL,NULL,,gibsoki01,1979,1,DET,AL,12,12,38,3,9,3,0,1,4,3,3,1,3,0,0,0,0,0,12
gonzaad01,"Gold Glove",2008,NL,NULL,1B,gonzaad01,2004,1,TEX,AL,16,16,42,7,10,3,0,1,7,0,0,2,6,0,0,0,0,0,16
gonzaju03,MVP,1996,AL,NULL,,gonzaju03,1989,1,TEX,AL,24,24,60,6,9,3,0,1,7,0,0,6,17,0,0,2,0,4,24
gordojo01,MVP,1942,AL,NULL,,gordojo01,1938,1,NYA,AL,127,127,458,83,117,24,7,25,97,11,3,56,72,NULL,3,3,NULL,NULL,127
gracema01,"Gold Glove",1992,NL,NULL,1B,gracema01,1988,1,CHN,NL,134,134,486,65,144,23,4,7,57,3,3,60,43,5,0,0,4,12,134
greenha01,MVP,1935,AL,NULL,,greenha01,1930,1,DET,AL,1,1,1,0,0,0,0,0,0,0,0,0,0,NULL,0,0,NULL,NULL,1
greensh01,"Gold Glove",1999,AL,NULL,OF,greensh01,1993,1,TOR,AL,3,3,6,0,0,0,0,0,0,0,0,0,1,0,0,0,0,0,3
grichbo01,"Gold Glove",1973,AL,NULL,2B,grichbo01,1970,1,BAL,AL,30,30,95,11,20,1,3,0,8,1,1,9,21,0,0,0,0,2,30
griffal01,"Gold Glove",1985,AL,NULL,SS,griffal01,1976,1,CLE,AL,12,12,4,0,1,0,0,0,0,0,1,0,2,0,0,0,0,0,12
griffdo01,"Gold Glove",1972,AL,NULL,2B,griffdo01,1970,1,CAL,AL,18,18,55,2,7,1,0,0,4,0,0,6,5,1,0,1,0,3,18
griffke02,"Gold Glove",1990,AL,NULL,OF,griffke02,1989,1,SEA,AL,127,127,455,61,120,23,0,16,61,16,7,44,83,8,2,1,4,4,127
grissma02,"Gold Glove",1993,NL,NULL,OF,grissma02,1989,1,MON,NL,26,26,74,16,19,2,0,1,2,1,0,12,21,0,0,1,0,1,26
groatdi01,MVP,1960,NL,NULL,,groatdi01,1952,1,PIT,NL,95,95,384,38,109,6,1,1,29,2,4,19,27,NULL,1,11,NULL,18,95
grovele01,MVP,1931,AL,NULL,,grovele01,1925,1,PHA,AL,45,45,65,3,8,0,0,0,3,0,0,1,26,NULL,0,2,NULL,NULL,45
grubeke01,"Gold Glove",1990,AL,NULL,3B,grubeke01,1984,1,TOR,AL,15,15,16,1,1,0,0,1,2,0,0,0,5,0,0,0,0,1,15
grudzma01,"Gold Glove",2006,AL,NULL,2B,grudzma01,1995,1,MON,NL,78,78,269,27,66,12,2,1,20,8,3,14,47,4,7,3,0,7,78
guerrvl01,MVP,2004,AL,NULL,,guerrvl01,1996,1,MON,NL,9,9,27,2,5,0,0,1,1,0,0,0,3,0,0,0,0,1,9
guidrro01,"Gold Glove",1982,AL,NULL,P,guidrro01,1975,1,NYA,AL,11,1,0,0,0,0,0,0,0,0,0,0,0,0,0,0,0,0,10
guilloz01,"Gold Glove",1990,AL,NULL,SS,guilloz01,1985,1,CHA,AL,150,150,491,71,134,21,9,1,33,7,4,12,36,1,1,8,1,5,150
gwynnto01,"Gold Glove",1986,NL,NULL,OF,gwynnto01,1982,1,SDN,NL,54,54,190,33,55,12,2,1,17,8,3,14,16,0,0,4,1,5,54
haddiha01,"Gold Glove",1958,NL,NULL,P,haddiha01,1952,1,SLN,NL,9,9,14,3,3,0,0,0,2,1,0,1,5,NULL,0,0,NULL,0,9
hamptmi01,"Gold Glove",2003,NL,NULL,P,hamptmi01,1993,1,SEA,AL,13,1,0,0,0,0,0,0,0,0,0,0,0,0,0,0,0,0,13
harrebu01,"Gold Glove",1971,NL,NULL,SS,harrebu01,1965,1,NYN,NL,19,19,37,3,4,1,1,0,0,0,0,2,11,0,0,0,0,0,19
hartnga01,MVP,1935,NL,NULL,,hartnga01,1922,1,CHN,NL,31,31,72,4,14,1,1,0,4,1,0,6,8,NULL,0,4,NULL,NULL,31
helmsto01,"Gold Glove",1970,NL,NULL,2B,helmsto01,1964,1,CIN,NL,2,2,1,0,0,0,0,0,0,0,0,0,1,0,0,0,0,0,2
heltoto01,"Gold Glove",2001,NL,NULL,1B,heltoto01,1997,1,COL,NL,35,35,93,13,26,2,1,5,11,0,1,8,11,0,0,0,0,1,35
henderi01,"Gold Glove",1981,AL,NULL,OF,henderi01,1979,1,OAK,AL,89,89,351,49,96,13,3,1,26,33,11,34,39,0,2,8,3,4,89
hernake01,"Gold Glove",1978,NL,NULL,1B,hernake01,1974,1,SLN,NL,14,14,34,3,10,1,2,0,2,0,0,7,8,0,0,0,0,1,14
hernawi01,MVP,1984,AL,NULL,,hernawi01,1977,1,CHN,NL,67,67,16,0,1,0,0,0,0,0,0,0,9,0,0,3,0,0,67
hershor01,"Gold Glove",1988,NL,NULL,P,hershor01,1983,1,LAN,NL,8,8,0,0,0,0,0,0,0,0,0,0,0,0,0,0,0,0,8
hodgegi01,"Gold Glove",1957,ML,NULL,1B,hodgegi01,1943,1,BRO,NL,1,1,2,0,0,0,0,0,0,1,NULL,1,2,NULL,0,0,NULL,0,1
hornsro01,MVP,1925,NL,NULL,,hornsro01,1915,1,SLN,NL,18,18,57,5,14,2,0,0,4,0,2,2,6,NULL,0,2,NULL,NULL,18
howarel01,"Gold Glove",1963,AL,NULL,C,howarel01,1955,1,NYA,AL,97,97,279,33,81,8,7,10,43,0,0,20,36,5,1,1,4,4,97
howarry01,MVP,2006,NL,NULL,,howarry01,2004,1,PHI,NL,19,19,39,5,11,5,0,2,5,0,0,2,13,0,1,0,0,2,19
hubbeca01,MVP,1933,NL,NULL,,hubbeca01,1928,1,NY1,NL,20,20,47,3,5,1,0,0,2,0,NULL,2,11,NULL,0,1,NULL,NULL,20
hubbske01,"Gold Glove",1962,NL,NULL,2B,hubbske01,1961,1,CHN,NL,10,10,28,4,5,1,1,1,2,0,0,0,8,0,0,0,0,0,10
hudsoor01,"Gold Glove",2005,AL,NULL,2B,hudsoor01,2002,1,TOR,AL,54,54,192,20,53,10,5,4,23,0,1,11,27,0,2,0,2,6,54
hundlra01,"Gold Glove",1967,NL,NULL,C,hundlra01,1964,1,SFN,NL,2,2,1,1,0,0,0,0,0,0,0,0,1,0,0,0,0,0,2
hunteto01,"Gold Glove",2001,AL,NULL,OF,hunteto01,1997,1,MIN,AL,1,1,0,0,0,0,0,0,0,0,0,0,0,0,0,0,0,0,1
izturce01,"Gold Glove",2004,NL,NULL,SS,izturce01,2001,1,TOR,AL,46,46,134,19,36,6,2,2,9,8,1,2,15,0,0,4,0,0,46
jacksre01,MVP,1973,AL,NULL,,jacksre01,1967,1,KC1,AL,35,35,118,13,21,4,4,1,6,1,1,10,46,0,5,1,1,1,35
jenseja01,MVP,1958,AL,NULL,,jenseja01,1950,1,NYA,AL,45,45,70,13,12,2,2,1,5,4,0,7,8,NULL,0,1,NULL,3,45
jeterde01,"Gold Glove",2004,AL,NULL,SS,jeterde01,1995,1,NYA,AL,15,15,48,5,12,4,1,0,7,0,0,3,11,0,0,0,0,0,15
johnsch04,"Gold Glove",1995,NL,NULL,C,johnsch04,1994,1,FLO,NL,4,4,11,5,5,1,0,1,4,0,0,1,4,0,0,0,1,1,4
johnsda02,"Gold Glove",1969,AL,NULL,2B,johnsda02,1965,1,BAL,AL,20,20,47,5,8,3,0,0,1,3,0,5,6,0,0,0,1,3,20
johnswa01,MVP,1913,AL,NULL,,johnswa01,1907,1,WS1,AL,14,14,36,3,4,0,1,0,1,0,NULL,1,NULL,NULL,0,0,NULL,NULL,14
jonesad01,"Gold Glove",2009,AL,NULL,OF,jonesad01,2006,1,SEA,AL,32,32,74,6,16,4,0,1,8,3,1,2,22,0,0,0,0,3,32
jonesan01,"Gold Glove",1998,NL,NULL,OF,jonesan01,1996,1,ATL,NL,31,31,106,11,23,7,1,5,13,3,0,7,29,0,0,0,0,1,31
jonesch06,MVP,1999,NL,NULL,,jonesch06,1993,1,ATL,NL,8,8,3,2,2,1,0,0,0,0,0,1,1,0,0,0,0,0,8
jorgemi01,"Gold Glove",1973,NL,NULL,1B,jorgemi01,1968,1,NYN,NL,8,8,14,0,2,1,0,0,0,0,0,0,4,0,0,0,0,0,8
kaatji01,"Gold Glove",1962,AL,NULL,P,kaatji01,1959,1,WS1,AL,3,3,1,0,0,0,0,0,0,0,0,0,1,0,0,0,0,0,3
kalinal01,"Gold Glove",1957,ML,NULL,RF,kalinal01,1953,1,DET,AL,30,30,28,9,7,0,0,1,2,1,0,1,5,NULL,1,0,NULL,1,30
kempma01,"Gold Glove",2009,NL,NULL,OF,kempma01,2006,1,LAN,NL,52,52,154,30,39,7,1,7,23,6,0,9,53,1,0,0,3,1,52
kentje01,MVP,2000,NL,NULL,,kentje01,1992,1,TOR,AL,65,65,192,36,46,13,1,8,35,2,1,20,47,0,6,0,4,3,65
kessido01,"Gold Glove",1969,NL,NULL,SS,kessido01,1964,1,CHN,NL,4,4,12,1,2,0,0,0,0,0,0,0,1,0,0,0,0,0,4
killeha01,MVP,1969,AL,NULL,,killeha01,1954,1,WS1,AL,9,9,13,1,4,1,0,0,3,0,0,2,3,NULL,0,0,0,1,9
kleinch01,MVP,1932,NL,NULL,,kleinch01,1928,1,PHI,NL,64,64,253,41,91,14,4,11,34,0,NULL,14,22,NULL,1,7,NULL,NULL,64
knoblch01,"Gold Glove",1997,AL,NULL,2B,knoblch01,1991,1,MIN,AL,151,151,565,78,159,24,6,1,50,25,5,59,40,0,4,1,5,8,151
knoopbo01,"Gold Glove",1966,AL,NULL,2B,knoopbo01,1964,1,LAA,AL,162,162,486,42,105,8,1,7,38,3,2,46,109,6,5,7,3,17,162
konstji01,MVP,1950,NL,NULL,,konstji01,1944,1,CIN,NL,20,20,34,2,10,0,0,0,2,0,NULL,1,5,NULL,0,3,NULL,1,20
koufasa01,MVP,1963,NL,NULL,,koufasa01,1955,1,BRO,NL,12,12,12,0,0,0,0,0,0,0,0,0,12,0,0,0,0,0,12
landiji01,"Gold Glove",1960,AL,NULL,CF,landiji01,1957,1,CHA,AL,96,96,274,38,58,11,3,2,16,14,4,45,61,2,3,2,0,3,96
langsma01,"Gold Glove",1987,AL,NULL,P,langsma01,1984,1,SEA,AL,35,0,NULL,NULL,NULL,NULL,NULL,NULL,NULL,NULL,NULL,NULL,NULL,NULL,NULL,NULL,NULL,NULL,35
larkiba01,"Gold Glove",1994,NL,NULL,SS,larkiba01,1986,1,CIN,NL,41,41,159,27,45,4,3,3,19,8,0,9,21,1,0,0,1,2,41
laryfr01,"Gold Glove",1961,AL,NULL,P,laryfr01,1954,1,DET,AL,3,3,0,0,0,0,0,0,0,0,0,0,0,0,0,0,0,0,3
lavalmi01,"Gold Glove",1987,NL,NULL,C,lavalmi01,1984,1,PHI,NL,6,6,7,0,0,0,0,0,0,0,0,2,2,0,0,0,0,0,6
leede02,"Gold Glove",2003,NL,NULL,1B,leede02,1997,1,SDN,NL,22,22,54,9,14,3,0,1,4,0,0,9,24,0,0,0,0,1,22
lewisda01,"Gold Glove",1994,NL,NULL,OF,lewisda01,1990,1,OAK,AL,25,25,35,4,8,0,0,0,1,2,0,7,4,0,1,3,0,2,25
lezcasi01,"Gold Glove",1979,AL,NULL,OF,lezcasi01,1974,1,ML4,AL,15,15,54,5,13,2,0,2,9,1,1,4,9,0,0,1,2,2,15
liebemi01,"Gold Glove",1999,NL,NULL,C,liebemi01,1994,1,PHI,NL,24,24,79,6,21,3,1,1,5,0,0,3,5,0,1,1,0,4,24
lindjo01,"Gold Glove",1992,NL,NULL,2B,lindjo01,1987,1,PIT,NL,35,35,143,21,46,8,4,0,11,2,1,8,12,1,0,6,0,5,35
loftoke01,"Gold Glove",1993,AL,NULL,OF,loftoke01,1991,1,HOU,NL,20,20,74,9,15,1,0,0,0,2,1,5,19,0,0,0,0,0,20
lollash01,"Gold Glove",1957,ML,NULL,C,lollash01,1946,1,CLE,AL,28,28,62,7,15,6,0,1,9,0,1,5,9,NULL,0,3,NULL,1,28
lombaer01,MVP,1938,NL,NULL,,lombaer01,1931,1,BRO,NL,73,73,182,20,54,7,1,4,23,1,NULL,12,12,NULL,0,2,NULL,NULL,73
longoev01,"Gold Glove",2009,AL,NULL,3B,longoev01,2008,1,TBA,AL,122,122,448,67,122,31,2,27,85,7,0,46,122,4,6,0,8,8,122
lopesda01,"Gold Glove",1978,NL,NULL,2B,lopesda01,1972,1,LAN,NL,11,11,42,6,9,4,0,0,1,4,0,7,6,0,0,0,0,1,11
lowelmi01,"Gold Glove",2005,NL,NULL,3B,lowelmi01,1998,1,NYA,AL,8,8,15,1,4,0,0,0,0,0,0,0,1,0,0,0,0,0,8
lynnfr01,"Gold Glove",1975,AL,NULL,OF,lynnfr01,1974,1,BOS,AL,15,15,43,5,18,2,2,2,10,0,0,6,6,2,1,0,1,0,15
maddoga01,"Gold Glove",1975,NL,NULL,OF,maddoga01,1972,1,SFN,NL,125,125,458,62,122,26,7,12,58,13,6,14,97,3,4,4,2,5,125
maddugr01,"Gold Glove",1990,NL,NULL,P,maddugr01,1986,1,CHN,NL,6,6,12,0,4,0,0,0,0,0,0,0,3,0,0,1,0,0,6
malzofr01,"Gold Glove",1957,ML,NULL,3B,malzofr01,1955,1,BOS,AL,6,6,20,2,7,1,0,0,1,0,0,1,3,0,0,0,0,0,6
manniri01,"Gold Glove",1976,AL,NULL,OF,manniri01,1975,1,CLE,AL,120,120,480,69,137,16,5,3,35,19,11,44,62,2,2,7,2,9,120
mantlmi01,MVP,1956,AL,NULL,,mantlmi01,1951,1,NYA,AL,96,96,341,61,91,11,5,13,65,8,7,43,74,NULL,0,2,NULL,3,96
manwaki01,"Gold Glove",1993,NL,NULL,C,manwaki01,1987,1,SFN,NL,6,6,7,0,1,0,0,0,0,0,0,0,1,0,1,0,0,1,6
marioma01,MVP,1944,NL,NULL,,marioma01,1940,1,SLN,NL,125,125,435,44,121,18,1,3,46,9,NULL,21,34,NULL,0,12,NULL,12,125
marisro01,"Gold Glove",1960,AL,NULL,RF,marisro01,1957,1,CLE,AL,116,116,358,61,84,9,5,14,51,8,4,60,79,5,1,3,2,6,116
martiru01,"Gold Glove",2007,NL,NULL,C,martiru01,2006,1,LAN,NL,121,121,415,65,117,26,4,10,65,10,5,45,57,8,4,1,3,17,121
mathemi01,"Gold Glove",2000,NL,NULL,C,mathemi01,1994,1,ML4,AL,28,28,53,3,12,3,0,1,2,0,1,3,13,0,2,1,0,1,28
mattido01,"Gold Glove",1985,AL,NULL,1B,mattido01,1982,1,NYA,AL,7,7,12,0,2,0,0,0,1,0,0,0,1,0,0,0,1,2,7
mauerjo01,"Gold Glove",2008,AL,NULL,C,mauerjo01,2004,1,MIN,AL,35,35,107,18,33,8,1,6,17,1,0,11,14,0,1,0,3,1,35
maxvida01,"Gold Glove",1968,NL,NULL,SS,maxvida01,1962,1,SLN,NL,79,79,189,20,42,3,1,1,18,1,2,17,39,2,1,4,2,2,79
mayswi01,MVP,1954,NL,NULL,,mayswi01,1951,1,NY1,NL,121,121,464,59,127,22,5,20,68,7,4,57,60,NULL,2,1,NULL,11,121
mazerbi01,"Gold Glove",1958,NL,NULL,2B,mazerbi01,1956,1,PIT,NL,81,81,255,30,62,8,1,3,14,0,0,18,24,1,0,4,0,4,81
mccorfr01,MVP,1940,NL,NULL,,mccorfr01,1934,1,CIN,NL,12,12,16,1,5,2,1,0,5,0,NULL,0,1,NULL,0,0,NULL,1,12
mccovwi01,MVP,1969,NL,NULL,,mccovwi01,1959,1,SFN,NL,52,52,192,32,68,9,5,13,38,2,0,22,35,1,4,0,1,7,52
mcgeewi01,"Gold Glove",1983,NL,NULL,OF,mcgeewi01,1982,1,SLN,NL,123,123,422,43,125,12,8,4,56,24,12,12,58,2,2,2,1,9,123
mcgwima01,"Gold Glove",1990,AL,NULL,1B,mcgwima01,1986,1,OAK,AL,18,18,53,10,10,1,0,3,9,0,1,4,18,0,1,0,0,0,18
mclaide01,MVP,1968,AL,NULL,,mclaide01,1963,1,DET,AL,3,3,5,1,1,0,0,1,2,0,0,0,1,0,0,1,1,0,3
mclouna01,"Gold Glove",2008,NL,NULL,OF,mclouna01,2006,1,PIT,NL,106,106,270,50,63,16,2,7,16,10,1,18,59,0,5,3,1,7,106
mcmilro01,"Gold Glove",1957,ML,NULL,SS,mcmilro01,1951,1,CIN,NL,85,85,199,21,42,4,0,1,8,0,0,17,26,NULL,0,5,NULL,2,85
medwijo01,MVP,1937,NL,NULL,,medwijo01,1932,1,SLN,NL,26,26,106,13,37,12,1,2,12,3,NULL,2,10,NULL,1,0,NULL,NULL,26
messean01,"Gold Glove",1974,NL,NULL,P,messean01,1968,1,CAL,AL,29,29,20,1,2,1,0,0,1,0,0,0,10,0,0,4,0,0,29
metzgro01,"Gold Glove",1973,NL,NULL,SS,metzgro01,1970,1,CHN,NL,1,1,2,0,0,0,0,0,0,0,0,0,0,0,0,0,0,0,1
mientdo01,"Gold Glove",2001,AL,NULL,1B,mientdo01,1998,1,MIN,AL,8,8,25,1,5,1,0,0,2,1,1,4,3,0,0,0,0,0,8
millafe01,"Gold Glove",1969,NL,NULL,2B,millafe01,1966,1,ATL,NL,37,37,91,20,25,6,0,0,5,3,1,2,6,2,0,0,0,3,37
milleri01,"Gold Glove",1978,AL,NULL,OF,milleri01,1971,1,BOS,AL,15,15,33,9,11,5,0,1,7,0,2,8,8,0,0,0,1,0,15
minosmi01,"Gold Glove",1957,ML,NULL,LF,minosmi01,1949,1,CLE,AL,9,9,16,2,3,0,0,1,1,0,1,2,2,NULL,2,0,NULL,2,9
mitchke01,MVP,1989,NL,NULL,,mitchke01,1984,1,NYN,NL,7,7,14,0,3,0,0,0,1,0,1,0,3,0,0,0,0,0,7
molinbe01,"Gold Glove",2002,AL,NULL,C,molinbe01,1998,1,ANA,AL,2,2,1,0,0,0,0,0,0,0,0,0,0,0,0,0,0,0,2
molinya01,"Gold Glove",2008,NL,NULL,C,molinya01,2004,1,SLN,NL,51,51,135,12,36,6,0,2,15,0,1,13,20,3,0,2,1,4,51
mondera01,"Gold Glove",1995,NL,NULL,OF,mondera01,1993,1,LAN,NL,42,42,86,13,25,3,1,4,10,4,1,4,16,0,0,1,0,1,42
moonwa01,"Gold Glove",1960,NL,NULL,LF,moonwa01,1954,1,SLN,NL,151,151,635,106,193,29,9,12,76,18,10,71,73,NULL,1,2,7,10,151
morgajo02,"Gold Glove",1973,NL,NULL,2B,morgajo02,1963,1,HOU,NL,8,8,25,5,6,0,1,0,3,1,0,5,5,0,0,0,0,0,8
morneju01,MVP,2006,AL,NULL,,morneju01,2003,1,MIN,AL,40,40,106,14,24,4,0,4,16,0,0,9,30,1,0,0,0,4,40
munsoth01,"Gold Glove",1973,AL,NULL,C,munsoth01,1969,1,NYA,AL,26,26,86,6,22,1,2,1,9,0,1,10,10,1,0,0,1,5,26
murcebo01,"Gold Glove",1972,AL,NULL,OF,murcebo01,1965,1,NYA,AL,11,11,37,2,9,0,1,1,4,0,0,5,12,0,0,0,0,0,11
murphda05,"Gold Glove",1982,NL,NULL,OF,murphda05,1976,1,ATL,NL,19,19,65,3,17,6,0,0,9,0,0,7,9,0,0,0,0,0,19
murphdw01,"Gold Glove",1980,AL,NULL,OF,murphdw01,1978,1,OAK,AL,60,60,52,15,10,2,0,0,5,0,1,7,14,0,0,1,2,0,60
murraed02,"Gold Glove",1982,AL,NULL,1B,murraed02,1977,1,BAL,AL,160,160,611,81,173,29,2,27,88,0,1,48,104,6,1,0,6,22,160
musiast01,MVP,1943,NL,NULL,,musiast01,1941,1,SLN,NL,12,12,47,8,20,4,0,1,7,1,NULL,2,1,NULL,0,0,NULL,0,12
mussimi01,"Gold Glove",1996,AL,NULL,P,mussimi01,1991,1,BAL,AL,12,0,NULL,NULL,NULL,NULL,NULL,NULL,NULL,NULL,NULL,NULL,NULL,NULL,NULL,NULL,NULL,NULL,12
nealch01,"Gold Glove",1959,NL,NULL,2B,nealch01,1956,1,BRO,NL,62,62,136,22,39,5,1,2,14,2,2,14,19,1,0,0,0,2,62
nettlgr01,"Gold Glove",1977,AL,NULL,3B,nettlgr01,1967,1,MIN,AL,3,3,3,0,1,1,0,0,0,0,0,0,0,0,0,0,0,0,3
newcodo01,MVP,1956,NL,NULL,,newcodo01,1949,1,BRO,NL,39,39,96,8,22,4,0,0,10,0,NULL,5,16,NULL,0,1,NULL,4,39
newhoha01,MVP,1944,AL,NULL,,newhoha01,1939,1,DET,AL,1,1,1,0,0,0,0,0,0,0,0,0,0,NULL,0,0,NULL,0,1
niekrph01,"Gold Glove",1978,NL,NULL,P,niekrph01,1964,1,ML1,NL,10,10,0,0,0,0,0,0,0,0,0,0,0,0,0,0,0,0,10
norrimi01,"Gold Glove",1980,AL,NULL,P,norrimi01,1975,1,OAK,AL,4,1,0,0,0,0,0,0,0,0,0,0,0,0,0,0,0,0,4
ofarrbo01,MVP,1926,NL,NULL,,ofarrbo01,1915,1,CHN,NL,2,2,3,0,1,0,0,0,0,0,NULL,0,0,NULL,0,0,NULL,NULL,2
olerujo01,"Gold Glove",2000,AL,NULL,1B,olerujo01,1989,1,TOR,AL,6,6,8,2,3,0,0,0,0,0,0,0,1,0,0,0,0,0,6
olivato01,"Gold Glove",1966,AL,NULL,OF,olivato01,1962,1,MIN,AL,9,9,9,3,4,1,0,0,3,0,0,3,2,0,0,0,0,0,9
ordonre01,"Gold Glove",1997,NL,NULL,SS,ordonre01,1996,1,NYN,NL,151,151,502,51,129,12,4,1,30,1,3,22,53,12,1,4,1,12,151
otisam01,"Gold Glove",1971,AL,NULL,OF,otisam01,1967,1,NYN,NL,19,19,59,6,13,2,0,0,1,0,4,5,13,0,1,1,0,0,19
pagnoto01,"Gold Glove",1991,NL,NULL,C,pagnoto01,1987,1,SLN,NL,27,27,48,8,9,1,0,2,9,1,0,4,13,2,0,1,0,0,27
palmeji01,"Gold Glove",1976,AL,NULL,P,palmeji01,1965,1,BAL,AL,29,29,26,2,5,0,0,1,3,0,0,1,10,0,0,0,0,0,29
palmera01,"Gold Glove",1997,AL,NULL,1B,palmera01,1986,1,CHN,NL,22,22,73,9,18,4,0,3,12,1,1,4,6,0,1,0,0,4,22
parkeda01,"Gold Glove",1977,NL,NULL,OF,parkeda01,1973,1,PIT,NL,54,54,139,17,40,9,1,4,14,1,1,2,27,1,2,1,0,2,54
parkewe01,"Gold Glove",1967,NL,NULL,1B,parkewe01,1964,1,LAN,NL,124,124,214,29,55,7,1,3,10,5,4,14,45,3,1,9,2,2,124
parrila02,"Gold Glove",1983,AL,NULL,C,parrila02,1977,1,DET,AL,12,12,46,10,9,2,0,3,7,0,0,5,12,0,0,0,0,2,12
peckiro01,MVP,1925,AL,NULL,,peckiro01,1910,1,CLE,AL,15,15,45,1,9,0,0,0,6,3,NULL,1,NULL,NULL,1,3,NULL,NULL,15
pedrodu01,"Gold Glove",2008,AL,NULL,2B,pedrodu01,2006,1,BOS,AL,31,31,89,5,17,4,0,2,7,0,1,7,7,0,1,1,0,1,31
penaca01,"Gold Glove",2008,AL,NULL,1B,penaca01,2001,1,TEX,AL,22,22,62,6,16,4,1,3,12,0,0,10,17,0,0,0,0,1,22
penato01,"Gold Glove",1983,NL,NULL,C,penato01,1980,1,PIT,NL,8,8,21,1,9,1,1,0,1,0,1,0,4,0,0,0,0,1,8
pendlte01,"Gold Glove",1987,NL,NULL,3B,pendlte01,1984,1,SLN,NL,67,67,262,37,85,16,3,1,33,20,5,16,32,3,0,0,5,7,67
pepitjo01,"Gold Glove",1965,AL,NULL,1B,pepitjo01,1962,1,NYA,AL,63,63,138,14,33,3,2,7,17,1,1,3,21,0,0,0,0,5,63
perezne01,"Gold Glove",2000,NL,NULL,SS,perezne01,1996,1,COL,NL,17,17,45,4,7,2,0,0,3,2,2,0,8,0,0,1,0,2,17
pettiga01,"Gold Glove",1985,AL,NULL,OF,pettiga01,1982,1,CAL,AL,10,10,5,5,1,0,0,1,1,0,0,0,2,0,0,0,0,0,10
phillbr01,"Gold Glove",2008,NL,NULL,2B,phillbr01,2003,1,CLE,AL,112,112,370,36,77,18,1,6,33,4,5,14,77,0,3,5,1,12,112
piersji01,"Gold Glove",1958,AL,NULL,CF,piersji01,1950,1,BOS,AL,6,6,7,4,2,0,0,0,0,0,0,4,0,NULL,0,0,NULL,0,6
pinsova01,"Gold Glove",1961,NL,NULL,OF,pinsova01,1958,1,CIN,NL,27,27,96,20,26,7,0,1,8,2,1,11,18,0,1,2,0,1,27
polanpl01,"Gold Glove",2007,AL,NULL,2B,polanpl01,1998,1,SLN,NL,45,45,114,10,29,3,2,1,11,2,0,5,9,0,1,2,0,1,45
powelbo01,MVP,1970,AL,NULL,,powelbo01,1961,1,BAL,AL,4,4,13,0,1,0,0,0,1,0,0,0,2,0,0,0,0,0,4
powervi01,"Gold Glove",1958,AL,NULL,1B,powervi01,1954,1,PHA,AL,127,127,462,36,118,17,5,8,38,2,1,19,19,NULL,2,0,2,16,127
puckeki01,"Gold Glove",1986,AL,NULL,OF,puckeki01,1984,1,MIN,AL,128,128,557,63,165,12,5,0,31,14,7,16,69,1,4,4,2,11,128
pujolal01,MVP,2005,NL,NULL,,pujolal01,2001,1,SLN,NL,161,161,590,112,194,47,4,37,130,1,3,69,93,6,9,1,7,21,161
raderdo02,"Gold Glove",1970,NL,NULL,3B,raderdo02,1967,1,HOU,NL,47,47,162,24,54,10,4,2,26,0,3,7,31,2,2,1,4,3,47
reesepo01,"Gold Glove",1999,NL,NULL,2B,reesepo01,1997,1,CIN,NL,128,128,397,48,87,15,0,4,26,25,7,31,82,2,5,4,0,1,128
reitzke01,"Gold Glove",1975,NL,NULL,3B,reitzke01,1972,1,SLN,NL,21,21,78,5,28,4,0,0,10,0,1,2,4,0,0,0,1,4,21
renteed01,"Gold Glove",2002,NL,NULL,SS,renteed01,1996,1,FLO,NL,106,106,431,68,133,18,3,5,31,16,2,33,68,0,2,2,3,12,106
reuscri01,"Gold Glove",1985,NL,NULL,P,reuscri01,1972,1,CHN,NL,21,21,44,3,6,1,0,0,3,0,0,2,15,0,0,6,0,1,21
reynoha01,"Gold Glove",1988,AL,NULL,2B,reynoha01,1983,1,SEA,AL,20,20,59,8,12,4,1,0,1,0,2,2,9,0,0,1,1,1,20
riceji01,MVP,1978,AL,NULL,,riceji01,1974,1,BOS,AL,24,24,67,6,18,2,1,1,13,0,0,4,12,0,1,0,3,2,24
richabo01,"Gold Glove",1961,AL,NULL,2B,richabo01,1955,1,NYA,AL,11,11,26,2,4,0,0,0,3,1,1,2,0,0,0,1,0,1,11
ripkeca01,MVP,1983,AL,NULL,,ripkeca01,1981,1,BAL,AL,23,23,39,1,5,0,0,0,0,0,0,1,8,0,0,0,0,4,23
rizzuph01,MVP,1950,AL,NULL,,rizzuph01,1941,1,NYA,AL,133,133,515,65,158,20,9,3,46,14,5,27,36,NULL,1,5,NULL,13,133
robinbr01,"Gold Glove",1960,AL,NULL,3B,robinbr01,1955,1,BAL,AL,6,6,22,0,2,0,0,0,1,0,0,0,10,0,0,0,0,0,6
robinfr02,"Gold Glove",1958,NL,NULL,LF,robinfr02,1956,1,CIN,NL,152,152,572,122,166,27,6,38,83,8,4,64,95,7,20,8,4,14,152
robinja02,MVP,1949,NL,NULL,,robinja02,1947,1,BRO,NL,151,151,590,125,175,31,5,12,48,29,NULL,74,36,NULL,9,28,NULL,5,151
rodrial01,"Gold Glove",2002,AL,NULL,SS,rodrial01,1994,1,SEA,AL,17,17,54,4,11,0,0,0,2,3,0,3,20,0,0,1,1,0,17
rodriau01,"Gold Glove",1976,AL,NULL,3B,rodriau01,1967,1,CAL,AL,29,29,130,14,31,3,1,1,8,1,0,2,21,0,0,1,0,1,29
rodriiv01,"Gold Glove",1992,AL,NULL,C,rodriiv01,1991,1,TEX,AL,88,88,280,24,74,16,0,3,27,0,1,5,42,0,0,2,1,10,88
rogerke01,"Gold Glove",2000,AL,NULL,P,rogerke01,1989,1,TEX,AL,73,0,NULL,NULL,NULL,NULL,NULL,NULL,NULL,NULL,NULL,NULL,NULL,NULL,NULL,NULL,NULL,NULL,73
rolensc01,"Gold Glove",1998,NL,NULL,3B,rolensc01,1996,1,PHI,NL,37,37,130,10,33,7,0,4,18,0,2,13,27,0,1,0,2,4,37
rolliji01,"Gold Glove",2007,NL,NULL,SS,rolliji01,2000,1,PHI,NL,14,14,53,5,17,1,1,0,5,3,0,2,7,0,0,0,0,0,14
rosebjo01,"Gold Glove",1961,NL,NULL,C,rosebjo01,1957,1,BRO,NL,35,35,69,6,10,2,0,2,6,0,0,10,20,2,0,0,0,0,35
rosenal01,MVP,1953,AL,NULL,,rosenal01,1947,1,CLE,AL,7,7,9,1,1,0,0,0,0,0,0,0,3,NULL,0,0,NULL,0,7
rosepe01,"Gold Glove",1969,NL,NULL,OF,rosepe01,1963,1,CIN,NL,157,157,623,101,170,25,9,6,41,13,15,55,72,0,5,6,6,8,157
rowanaa01,"Gold Glove",2007,NL,NULL,OF,rowanaa01,2001,1,CHA,AL,63,63,123,21,36,5,0,4,20,5,1,15,28,0,4,5,1,2,63
rudijo01,"Gold Glove",1974,AL,NULL,OF,rudijo01,1967,1,KC1,AL,19,19,43,4,8,2,0,0,1,0,0,3,7,0,0,0,0,1,19
ruthba01,MVP,1923,AL,NULL,,ruthba01,1914,1,BOS,AL,5,5,10,1,2,1,0,0,2,0,NULL,0,4,NULL,0,0,NULL,NULL,5
saberbr01,"Gold Glove",1989,AL,NULL,P,saberbr01,1984,1,KCA,AL,39,1,0,0,0,0,0,0,0,0,0,0,0,0,0,0,0,0,38
sandbry01,"Gold Glove",1983,NL,NULL,2B,sandbry01,1981,1,PHI,NL,13,13,6,2,1,0,0,0,0,0,0,0,1,0,0,0,0,0,13
santajo01,"Gold Glove",2007,AL,NULL,P,santajo01,2000,1,MIN,AL,30,2,1,0,0,0,0,0,0,0,0,0,0,0,0,0,0,0,2
santibe01,"Gold Glove",1988,NL,NULL,C,santibe01,1986,1,SDN,NL,17,17,62,10,18,2,0,3,6,0,1,2,12,0,0,0,1,0,17
santoro01,"Gold Glove",1964,NL,NULL,3B,santoro01,1960,1,CHN,NL,95,95,347,44,87,24,2,9,44,0,3,31,44,5,0,2,2,9,95
sauerha01,MVP,1952,NL,NULL,,sauerha01,1941,1,CIN,NL,9,9,33,4,10,4,0,0,5,0,NULL,1,4,NULL,0,0,NULL,1,9
schmimi01,"Gold Glove",1976,NL,NULL,3B,schmimi01,1972,1,PHI,NL,13,13,34,2,7,0,0,1,3,0,0,5,15,0,1,0,0,0,13
schulfr01,MVP,1911,NL,NULL,,schulfr01,1904,1,CHN,NL,20,20,84,16,24,4,3,2,13,1,NULL,2,NULL,NULL,1,0,NULL,NULL,20
scottge02,"Gold Glove",1967,AL,NULL,1B,scottge02,1966,1,BOS,AL,162,162,601,73,147,18,7,27,90,4,0,65,152,13,8,2,5,25,162
shantbo01,MVP,1952,AL,NULL,,shantbo01,1949,1,PHA,AL,33,33,37,2,7,0,0,0,2,0,0,5,6,NULL,1,3,NULL,0,33
siebeno01,"Gold Glove",1958,AL,NULL,LF,siebeno01,1956,1,NYA,AL,54,54,162,27,33,1,4,4,21,1,1,19,38,0,0,2,1,3,54
sislege01,MVP,1922,AL,NULL,,sislege01,1915,1,SLA,AL,81,81,274,28,78,10,2,3,29,10,9,7,27,NULL,2,12,NULL,NULL,81
sizemgr01,"Gold Glove",2007,AL,NULL,OF,sizemgr01,2004,1,CLE,AL,43,43,138,15,34,6,2,4,24,2,0,14,34,0,5,0,2,0,43
smithoz01,"Gold Glove",1980,NL,NULL,SS,smithoz01,1978,1,SDN,NL,159,159,590,69,152,17,6,1,46,40,12,47,43,0,0,28,3,11,159
smithre06,"Gold Glove",1968,AL,NULL,OF,smithre06,1966,1,BOS,AL,6,6,26,1,4,1,0,0,0,0,0,0,5,0,0,1,0,0,6
snowjt01,"Gold Glove",1995,AL,NULL,1B,snowjt01,1992,1,NYA,AL,7,7,14,1,2,1,0,0,2,0,0,5,5,1,0,0,0,0,7
sosasa01,MVP,1998,NL,NULL,,sosasa01,1989,1,TEX,AL,25,25,84,8,20,3,0,1,3,0,2,0,20,0,0,4,0,3,25
speaktr01,MVP,1912,AL,NULL,,speaktr01,1907,1,BOS,AL,7,7,19,0,3,0,0,0,1,0,NULL,1,NULL,NULL,0,0,NULL,NULL,7
spencji01,"Gold Glove",1970,AL,NULL,1B,spencji01,1968,1,CAL,AL,19,19,68,2,13,1,0,0,5,0,0,3,10,0,1,0,1,2,19
squirmi01,"Gold Glove",1981,AL,NULL,1B,squirmi01,1975,1,CHA,AL,20,20,65,5,15,0,0,0,4,3,0,8,5,2,0,0,1,2,20
stanlmi01,"Gold Glove",1968,AL,NULL,OF,stanlmi01,1964,1,DET,AL,4,4,11,3,3,0,0,0,1,0,0,0,1,0,0,0,0,1,4
stargwi01,MVP,1979,NL,Y,,stargwi01,1962,1,PIT,NL,10,10,31,1,9,3,1,0,4,0,1,3,10,1,0,0,0,0,10
sundbji01,"Gold Glove",1976,AL,NULL,C,sundbji01,1974,1,TEX,AL,132,132,368,45,91,13,3,3,36,2,4,62,61,0,0,17,2,16,132
suzukic01,"Gold Glove",2001,AL,NULL,OF,suzukic01,2001,1,SEA,AL,157,157,692,127,242,34,8,8,69,56,14,30,53,10,8,4,4,3,157
teixema01,"Gold Glove",2005,AL,NULL,1B,teixema01,2003,1,TEX,AL,146,146,529,66,137,29,5,26,84,1,2,44,120,5,14,0,2,14,146
tejadmi01,MVP,2002,AL,NULL,,tejadmi01,1997,1,OAK,AL,26,26,99,10,20,3,2,2,10,2,0,2,22,0,3,0,0,3,26
thomafr04,MVP,1993,AL,NULL,,thomafr04,1990,1,CHA,AL,60,60,191,39,63,11,3,7,31,0,1,44,54,0,2,0,3,5,60
thompro01,"Gold Glove",1993,NL,NULL,2B,thompro01,1986,1,SFN,NL,149,149,549,73,149,27,3,7,47,12,15,42,112,0,5,18,1,11,149
torrejo01,"Gold Glove",1965,NL,NULL,C,torrejo01,1960,1,ML1,NL,2,2,2,0,1,0,0,0,0,0,0,0,1,0,0,0,0,0,2
trammal01,"Gold Glove",1980,AL,NULL,SS,trammal01,1977,1,DET,AL,19,19,43,6,8,0,0,0,0,0,0,4,12,0,0,1,0,1,19
treshto01,"Gold Glove",1965,AL,NULL,OF,treshto01,1961,1,NYA,AL,9,9,8,1,2,0,0,0,0,0,0,0,1,0,0,0,0,1,9
trillma01,"Gold Glove",1979,NL,NULL,2B,trillma01,1973,1,OAK,AL,17,17,12,0,3,2,0,0,3,0,0,0,4,0,0,0,0,1,17
valenel01,"Gold Glove",1978,NL,NULL,OF,valenel01,1975,1,MON,NL,12,12,33,2,12,4,0,1,3,0,0,2,4,0,0,0,0,1,12
valenfe01,"Gold Glove",1986,NL,NULL,P,valenfe01,1980,1,LAN,NL,10,10,1,0,0,0,0,0,0,0,0,0,1,0,0,0,0,0,10
vanceda01,MVP,1924,NL,NULL,,vanceda01,1915,2,NYA,AL,8,8,3,0,2,1,0,0,1,0,NULL,3,0,NULL,0,1,NULL,NULL,8
vanslan01,"Gold Glove",1988,NL,NULL,OF,vanslan01,1983,1,SLN,NL,101,101,309,51,81,15,5,8,38,21,7,46,64,5,1,2,3,4,101
varitja01,"Gold Glove",2005,AL,NULL,C,varitja01,1997,1,BOS,AL,1,1,1,0,1,0,0,0,0,0,0,0,0,0,0,0,0,0,1
vaughmo01,MVP,1995,AL,NULL,,vaughmo01,1991,1,BOS,AL,74,74,219,21,57,12,0,4,32,2,1,26,43,2,2,0,4,7,74
venturo01,"Gold Glove",1991,AL,NULL,3B,venturo01,1989,1,CHA,AL,16,16,45,5,8,3,0,0,7,0,0,8,6,0,1,1,3,1,16
versazo01,"Gold Glove",1963,AL,NULL,SS,versazo01,1959,1,WS1,AL,29,29,59,4,9,0,0,1,1,1,0,4,15,0,1,0,0,0,29
victosh01,"Gold Glove",2008,NL,NULL,OF,victosh01,2003,1,SDN,NL,36,36,73,8,11,2,0,0,4,7,2,7,17,0,1,1,1,5,36
vinafe01,"Gold Glove",2001,NL,NULL,2B,vinafe01,1993,1,SEA,AL,24,24,45,5,10,2,0,0,2,6,0,4,3,0,3,1,0,0,24
virdobi01,"Gold Glove",1962,NL,NULL,OF,virdobi01,1955,1,SLN,NL,144,144,534,58,150,18,6,17,68,2,4,36,64,3,1,6,9,10,144
vizquom01,"Gold Glove",1993,AL,NULL,SS,vizquom01,1989,1,SEA,AL,143,143,387,45,85,7,3,1,20,1,4,28,40,0,1,13,2,6,143
wainwad01,"Gold Glove",2009,NL,NULL,P,wainwad01,2006,1,SLN,NL,61,58,6,2,3,1,0,1,1,0,0,0,0,0,0,0,0,0,61
walkela01,"Gold Glove",1992,NL,NULL,OF,walkela01,1989,1,MON,NL,20,20,47,4,8,0,0,0,4,1,1,5,13,0,1,3,0,0,20
wallati01,"Gold Glove",1985,NL,NULL,3B,wallati01,1980,1,MON,NL,5,5,11,1,2,0,0,1,2,0,0,1,5,0,0,0,0,0,5
waltebu01,MVP,1939,NL,NULL,,waltebu01,1931,1,BSN,NL,9,9,38,2,8,2,0,0,0,0,NULL,0,3,NULL,0,0,NULL,NULL,9
wanerpa01,MVP,1927,NL,NULL,,wanerpa01,1926,1,PIT,NL,144,144,536,101,180,35,22,8,79,11,NULL,66,19,NULL,4,12,NULL,NULL,144
wellsve01,"Gold Glove",2004,AL,NULL,OF,wellsve01,1999,1,TOR,AL,24,24,88,8,23,5,0,1,8,1,1,4,18,0,0,0,0,6,24
whitalo01,"Gold Glove",1983,AL,NULL,2B,whitalo01,1977,1,DET,AL,11,11,32,5,8,1,0,0,2,2,2,4,6,0,0,1,0,0,11
whitebi03,"Gold Glove",1960,NL,NULL,1B,whitebi03,1956,1,NY1,NL,138,138,508,63,130,23,7,22,59,15,8,47,72,3,4,5,4,6,138
whitede03,"Gold Glove",1988,AL,NULL,OF,whitede03,1985,1,CAL,AL,21,21,7,7,1,0,0,0,0,3,1,1,3,0,1,0,0,0,21
whitefr01,"Gold Glove",1977,AL,NULL,2B,whitefr01,1973,1,KCA,AL,51,51,139,20,31,6,1,0,5,3,1,8,23,0,0,2,2,1,51
willibe02,"Gold Glove",1997,AL,NULL,OF,willibe02,1991,1,NYA,AL,85,85,320,43,76,19,4,3,34,10,5,48,57,0,1,2,3,4,85
willima04,"Gold Glove",1991,NL,NULL,3B,willima04,1987,1,SFN,NL,84,84,245,28,46,9,2,8,21,4,3,16,68,4,1,3,1,5,84
willite01,MVP,1946,AL,NULL,,willite01,1939,1,BOS,AL,149,149,565,131,185,44,11,31,145,2,1,107,64,NULL,2,3,NULL,10,149
willsma01,"Gold Glove",1961,NL,NULL,SS,willsma01,1959,1,LAN,NL,83,83,242,27,63,5,2,0,7,7,3,13,27,5,0,3,0,3,83
wilsowi02,"Gold Glove",1980,AL,NULL,OF,wilsowi02,1976,1,KCA,AL,12,12,6,0,1,0,0,0,0,2,1,0,2,0,0,0,0,0,12
winebo01,"Gold Glove",1963,NL,NULL,SS,winebo01,1960,1,PHI,NL,4,4,14,1,2,0,0,0,0,0,0,0,2,0,0,0,0,0,4
winfida01,"Gold Glove",1979,NL,NULL,OF,winfida01,1973,1,SDN,NL,56,56,141,9,39,4,1,3,12,0,0,12,19,1,0,0,1,5,56
wrighda03,"Gold Glove",2007,NL,NULL,3B,wrighda03,2004,1,NYN,NL,69,69,263,41,77,17,1,14,40,6,0,14,40,0,3,0,3,7,69
yastrca01,"Gold Glove",1963,AL,NULL,OF,yastrca01,1961,1,BOS,AL,148,148,583,71,155,31,6,11,80,6,5,50,96,3,3,2,5,19,148
youkike01,"Gold Glove",2007,AL,NULL,1B,youkike01,2004,1,BOS,AL,72,72,208,38,54,11,0,7,35,0,1,33,45,0,4,0,3,1,72
youngmi02,"Gold Glove",2008,AL,NULL,SS,youngmi02,2000,1,TEX,AL,2,2,2,0,0,0,0,0,0,0,0,0,1,0,0,0,0,0,2
yountro01,"Gold Glove",1982,AL,NULL,SS,yountro01,1974,1,ML4,AL,107,107,344,48,86,14,5,3,26,7,7,12,46,0,1,5,2,4,107
zimmery01,"Gold Glove",2009,NL,NULL,3B,zimmery01,2006,1,WAS,NL,157,157,614,84,176,47,3,20,110,11,8,61,120,7,2,1,4,15,157
