playerID,awardID,yearID,lgID,tie,notes,lahmanID,playerID,managerID,hofID,birthYear,birthMonth,birthDay,birthCountry,birthState,birthCity,deathYear,deathMonth,deathDay,deathCountry,deathState,deathCity,nameFirst,nameLast,nameNote,nameGiven,nameNick,weight,height,bats,throws,debut,finalGame,college,lahman40ID,lahman45ID,retroID,holtzID,bbrefID,COUNT(*)
aaronha01,"Gold Glove",1958,NL,NULL,RF,1,aaronha01,,aaronha01h,1934,2,5,USA,AL,Mobile,NULL,NULL,NULL,NULL,NULL,NULL,Hank,Aaron,NULL,"Henry Louis","Hammer,Hammerin' Hank,Bad Henry",180,72.0,R,R,1954-04-13,1976-10-03,,aaronha01,aaronha01,aaroh101,aaronha01,aaronha01,3
aaronha01,MVP,1957,NL,NULL,,1,aaronha01,,aaronha01h,1934,2,5,USA,AL,Mobile,NULL,NULL,NULL,NULL,NULL,NULL,Hank,Aaron,NULL,"Henry Louis","Hammer,Hammerin' Hank,Bad Henry",180,72.0,R,R,1954-04-13,1976-10-03,,aaronha01,aaronha01,aaroh101,aaronha01,aaronha01,1
abreubo01,"Gold Glove",2005,NL,NULL,OF,31,abreubo01,,,1974,3,11,Venezuela,,Maracay,NULL,NULL,NULL,NULL,NULL,NULL,Bobby,Abreu,NULL,"Bob Kelly",NULL,200,72.0,L,R,1996-09-01,NULL,,abreubo01,abreubo01,abreb001,abreubo01,abreubo01,1
ageeto01,"Gold Glove",1966,AL,NULL,OF,89,ageeto01,,,1942,8,9,USA,AL,Magnolia,2001,1,22,USA,NY,"New York",Tommie,Agee,NULL,"Tommie Lee",NULL,195,71.0,R,R,1962-09-14,1973-09-30,,ageeto01,ageeto01,ageet101,ageeto01,ageeto01,2
allendi01,MVP,1972,AL,NULL,,153,allendi01,,allendi01h,1942,3,8,USA,PA,Wampum,NULL,NULL,NULL,NULL,NULL,NULL,Dick,Allen,"Also played as Richie Allen","Richard Anthony","Wampum Walloper,Richie",190,71.0,R,R,1963-09-03,1977-06-19,,allendi01,allendi01,alled101,allendi01,allendi01,1
alleyge01,"Gold Glove",1966,NL,NULL,SS,176,alleyge01,,,1940,7,10,USA,VA,Richmond,NULL,NULL,NULL,NULL,NULL,NULL,Gene,Alley,NULL,"Leonard Eugene",NULL,165,72.0,R,R,1963-09-04,1973-09-27,,alleyge01,alleyge01,alleg101,alleyge01,alleyge01,2
alomaro01,"Gold Glove",1991,AL,NULL,2B,196,alomaro01,,,1968,2,5,P.R.,NULL,Ponce,NULL,NULL,NULL,NULL,NULL,NULL,Roberto,Alomar,NULL,"Roberto (Velazquez)",NULL,185,72.0,B,R,1988-04-22,2004-09-05,,alomaro01,alomaro01,alomr001,alomaro01,alomaro01,10
alomasa02,"Gold Glove",1990,AL,NULL,C,197,alomasa02,,,1966,6,18,P.R.,,Salinas,NULL,NULL,NULL,NULL,NULL,NULL,Sandy,Alomar,NULL,"Santos (Velazquez) (Jr.)",NULL,215,77.0,R,R,1988-09-30,2007-09-30,,alomasa02,alomasa02,aloms001,alomasa02,alomasa02,1
amaroru01,"Gold Glove",1964,NL,NULL,SS,231,amaroru01,,,1936,1,6,Mexico,30,Veracruz,NULL,NULL,NULL,NULL,NULL,NULL,Ruben,Amaro,NULL,"Ruben (Sr.) (Mora)",NULL,170,71.0,R,R,1958-06-29,1969-09-28,,amaroru01,amaroru01,amarr101,amaroru01,amaroru01,1
andujjo01,"Gold Glove",1984,NL,NULL,P,298,andujjo01,,,1952,12,21,D.R.,NULL,"San Pedro de Macoris",NULL,NULL,NULL,NULL,NULL,NULL,Joaquin,Andujar,NULL,Joaquin,NULL,180,72.0,B,R,1976-04-08,1988-09-30,,andujjo01,andujjo01,anduj001,andujjo01,andujjo01,1
aparilu01,"Gold Glove",1958,AL,NULL,SS,311,aparilu01,,aparilu01h,1934,4,29,Venezuela,NULL,Maracaibo,NULL,NULL,NULL,NULL,NULL,NULL,Luis,Aparicio,NULL,"Luis Ernesto (Montiel)","Little Louie",160,69.0,R,R,1956-04-17,1973-09-28,,aparilu01,aparilu01,aparl101,aparilu01,aparilu01,9
ausmubr01,"Gold Glove",2001,NL,NULL,C,413,ausmubr01,,,1969,4,14,USA,CT,"New Haven",NULL,NULL,NULL,NULL,NULL,NULL,Brad,Ausmus,NULL,"Bradley David",NULL,195,71.0,R,R,1993-07-28,NULL,,ausmubr01,ausmubr01,ausmb001,ausmubr01,ausmubr01,3
bagweje01,"Gold Glove",1994,NL,NULL,1B,465,bagweje01,,,1968,5,27,USA,MA,Boston,NULL,NULL,NULL,NULL,NULL,NULL,Jeff,Bagwell,NULL,"Jeffrey Robert",BagPipes,195,72.0,R,R,1991-04-08,2005-10-02,Hartford,bagweje01,bagweje01,bagwj001,bagweje01,bagweje01,1
bagweje01,MVP,1994,NL,NULL,,465,bagweje01,,,1968,5,27,USA,MA,Boston,NULL,NULL,NULL,NULL,NULL,NULL,Jeff,Bagwell,NULL,"Jeffrey Robert",BagPipes,195,72.0,R,R,1991-04-08,2005-10-02,Hartford,bagweje01,bagweje01,bagwj001,bagweje01,bagweje01,1
bakerdu01,"Gold Glove",1981,NL,NULL,OF,503,bakerdu01,bakerdu01m,bakerdu01h,1949,6,15,USA,CA,Riverside,NULL,NULL,NULL,NULL,NULL,NULL,Dusty,Baker,NULL,"Johnnie B. (Jr.)",NULL,187,74.0,R,R,1968-09-07,1986-10-04,"American River JC",bakerdu01,bakerdu01,baked002,bakerdu01,bakerdu01,1
bankser01,"Gold Glove",1960,NL,NULL,SS,571,bankser01,,bankser01h,1931,1,31,USA,TX,Dallas,NULL,NULL,NULL,NULL,NULL,NULL,Ernie,Banks,NULL,Ernest,"Mr. Cub",180,73.0,R,R,1953-09-17,1971-09-26,,bankser01,bankser01,banke101,bankser01,bankser01,1
bankser01,MVP,1958,NL,NULL,,571,bankser01,,bankser01h,1931,1,31,USA,TX,Dallas,NULL,NULL,NULL,NULL,NULL,NULL,Ernie,Banks,NULL,Ernest,"Mr. Cub",180,73.0,R,R,1953-09-17,1971-09-26,,bankser01,bankser01,banke101,bankser01,bankser01,2
barfije01,"Gold Glove",1986,AL,NULL,OF,599,barfije01,,,1959,10,29,USA,IL,Joliet,NULL,NULL,NULL,NULL,NULL,NULL,Jesse,Barfield,NULL,"Jesse Lee",NULL,205,73.0,R,R,1981-09-03,1992-06-17,,barfije01,barfije01,barfj001,barfije01,barfije01,2
batteea01,"Gold Glove",1960,AL,NULL,C,740,batteea01,,,1935,1,5,USA,CA,"Los Angeles",2003,11,15,USA,FL,Ocala,Earl,Battey,NULL,"Earl Jesse (Jr.)",NULL,205,73.0,R,R,1955-09-10,1967-09-27,,batteea01,batteea01,batte101,batteea01,batteea01,3
baylodo01,MVP,1979,AL,NULL,,771,baylodo01,baylodo01m,baylodo01h,1949,6,28,USA,TX,Austin,NULL,NULL,NULL,NULL,NULL,NULL,Don,Baylor,NULL,"Don Edward",NULL,195,73.0,R,R,1970-09-18,1988-10-01,"Blinn JC",baylodo01,baylodo01,bayld001,baylodo01,baylodo01,1
beckegl01,"Gold Glove",1968,NL,NULL,2B,826,beckegl01,,beckegl01h,1940,10,12,USA,PA,Pittsburgh,NULL,NULL,NULL,NULL,NULL,NULL,Glenn,Beckert,NULL,"Glenn Alfred",NULL,190,73.0,R,R,1965-04-12,1975-04-27,,beckegl01,beckegl01,beckg101,beckegl01,beckegl01,1
belanma01,"Gold Glove",1969,AL,NULL,SS,861,belanma01,,belanma01h,1944,6,8,USA,MA,Pittsfield,1998,10,6,USA,NY,"New York",Mark,Belanger,NULL,"Mark Henry",NULL,170,73.0,R,R,1965-08-07,1982-10-02,,belanma01,belanma01,belam101,belanma01,belanma01,8
bellbu01,"Gold Glove",1979,AL,NULL,3B,872,bellbu01,bellbu01m,bellbu01h,1951,8,27,USA,PA,Pittsburgh,NULL,NULL,NULL,NULL,NULL,NULL,Buddy,Bell,NULL,"David Gus",NULL,185,74.0,R,R,1972-04-15,1989-06-17,"Miami (FL)",bellbu01,bellbu01,bellb001,bellbu01,bellbu01,6
bellge02,MVP,1987,AL,NULL,,882,bellge02,,bellge02h,1959,10,21,D.R.,,"San Pedro de Macoris",NULL,NULL,NULL,NULL,NULL,NULL,George,Bell,NULL,"George Antonio (Mathey)",Liberty,190,73.0,R,R,1981-04-09,1993-10-02,,bellge02,bellge02,bellg001,bellge02,bellge02,1
bellja01,"Gold Glove",1993,NL,NULL,SS,885,bellja01,,bellja01h,1965,12,11,USA,FL,"Eglin A.F.B.",NULL,NULL,NULL,NULL,NULL,NULL,Jay,Bell,NULL,"Jay Stuart",NULL,185,73.0,R,R,1986-09-29,2003-09-28,,bellja01,bellja01,bellj001,bellja01,bellja01,1
beltrad01,"Gold Glove",2007,AL,NULL,3B,907,beltrad01,,,1979,4,7,D.R.,,"Santo Domingo",NULL,NULL,NULL,NULL,NULL,NULL,Adrian,Beltre,NULL,"Adrian (Perez)",NULL,170,71.0,R,R,1998-06-24,NULL,,beltrad01,beltrad01,belta001,beltrad01,beltrad01,2
beltrca01,"Gold Glove",2006,NL,NULL,OF,905,beltrca01,,,1977,4,24,P.R.,,Manati,NULL,NULL,NULL,NULL,NULL,NULL,Carlos,Beltran,NULL,NULL,NULL,190,73.0,B,R,1998-09-14,NULL,,beltrca01,beltrca01,beltc001,beltrca01,beltrca01,3
benchjo01,"Gold Glove",1968,NL,NULL,C,912,benchjo01,,benchjo01h,1947,12,7,USA,OK,"Oklahoma City",NULL,NULL,NULL,NULL,NULL,NULL,Johnny,Bench,NULL,"Johnny Lee","Little General",208,73.0,R,R,1967-08-28,1983-09-29,,benchjo01,benchjo01,bencj101,benchjo01,benchjo01,10
benchjo01,MVP,1970,NL,NULL,,912,benchjo01,,benchjo01h,1947,12,7,USA,OK,"Oklahoma City",NULL,NULL,NULL,NULL,NULL,NULL,Johnny,Bench,NULL,"Johnny Lee","Little General",208,73.0,R,R,1967-08-28,1983-09-29,,benchjo01,benchjo01,bencj101,benchjo01,benchjo01,2
beniqju01,"Gold Glove",1977,AL,NULL,OF,921,beniqju01,,,1950,5,13,P.R.,NULL,"San Sebastian",NULL,NULL,NULL,NULL,NULL,NULL,Juan,Beniquez,NULL,"Juan Jose (Torres)",NULL,165,71.0,R,R,1971-09-04,1988-05-30,,beniqju01,beniqju01,benij001,beniqju01,beniqju01,1
berrayo01,MVP,1951,AL,NULL,,997,berrayo01,berrayo01m,berrayo01h,1925,5,12,USA,MO,"St. Louis",NULL,NULL,NULL,NULL,NULL,NULL,Yogi,Berra,NULL,"Lawrence Peter",NULL,194,68.0,L,R,1946-09-22,1965-05-09,,berrayo01,berrayo01,berry101,berrayo01,berrayo01,3
berryke01,"Gold Glove",1970,AL,NULL,OF,1008,berryke01,,,1941,5,10,USA,MO,"Kansas City",NULL,NULL,NULL,NULL,NULL,NULL,Ken,Berry,NULL,"Allen Kent",NULL,180,71.0,R,R,1962-09-09,1975-05-31,,berryke01,berryke01,berrk101,berryke01,berryke01,2
biggicr01,"Gold Glove",1994,NL,NULL,2B,1067,biggicr01,,,1965,12,14,USA,NY,Smithtown,NULL,NULL,NULL,NULL,NULL,NULL,Craig,Biggio,NULL,"Craig Alan",NULL,180,71.0,R,R,1988-06-26,2007-09-30,"Seton Hall",biggicr01,biggicr01,biggc001,biggicr01,biggicr01,4
blairpa01,"Gold Glove",1967,AL,NULL,OF,1140,blairpa01,,blairpa01h,1944,2,1,USA,OK,Cushing,NULL,NULL,NULL,NULL,NULL,NULL,Paul,Blair,NULL,"Paul L D",Motormouth,171,72.0,R,R,1964-09-09,1980-06-20,,blairpa01,blairpa01,blaip101,blairpa01,blairpa01,8
bluevi01,MVP,1971,AL,NULL,,1202,bluevi01,,bluevi01h,1949,7,28,USA,LA,Mansfield,NULL,NULL,NULL,NULL,NULL,NULL,Vida,Blue,NULL,"Vida Rochelle (Jr.)",NULL,189,72.0,B,L,1969-07-20,1986-10-02,Southern,bluevi01,bluevi01,bluev001,bluevi01,bluevi01,1
boddimi01,"Gold Glove",1990,AL,NULL,P,1224,boddimi01,,,1957,8,23,USA,IA,"Cedar Rapids",NULL,NULL,NULL,NULL,NULL,NULL,Mike,Boddicker,NULL,"Michael James",NULL,172,71.0,R,R,1980-10-04,1993-06-13,Iowa,boddimi01,boddimi01,boddm001,boddimi01,boddimi01,1
boggswa01,"Gold Glove",1994,AL,NULL,3B,1238,boggswa01,,boggswa01h,1958,6,15,USA,NE,Omaha,NULL,NULL,NULL,NULL,NULL,NULL,Wade,Boggs,NULL,"Wade Anthony",NULL,197,74.0,L,R,1982-04-10,1999-08-27,"Hillsborough JC",boggswa01,boggswa01,boggw001,boggswa01,boggswa01,2
bollifr01,"Gold Glove",1958,AL,NULL,2B,1262,bollifr01,,,1931,11,16,USA,AL,Mobile,NULL,NULL,NULL,NULL,NULL,NULL,Frank,Bolling,NULL,"Frank Elmore",NULL,175,73.0,R,R,1954-04-13,1966-09-15,,bollifr01,bollifr01,bollf101,bollifr01,bollifr01,1
bondsba01,"Gold Glove",1990,NL,NULL,OF,1274,bondsba01,,,1964,7,24,USA,CA,Riverside,NULL,NULL,NULL,NULL,NULL,NULL,Barry,Bonds,NULL,"Barry Lamar",NULL,228,73.0,L,L,1986-05-30,2007-09-26,"Arizona State",bondsba01,bondsba01,bondb001,bondsba01,bondsba01,8
bondsba01,MVP,1990,NL,NULL,,1274,bondsba01,,,1964,7,24,USA,CA,Riverside,NULL,NULL,NULL,NULL,NULL,NULL,Barry,Bonds,NULL,"Barry Lamar",NULL,228,73.0,L,L,1986-05-30,2007-09-26,"Arizona State",bondsba01,bondsba01,bondb001,bondsba01,bondsba01,7
bondsbo01,"Gold Glove",1971,NL,NULL,OF,1275,bondsbo01,,bondsbo01h,1946,3,15,USA,CA,Riverside,2003,8,23,USA,CA,"San Carlos",Bobby,Bonds,NULL,"Bobby Lee",NULL,190,73.0,R,R,1968-06-25,1981-10-04,,bondsbo01,bondsbo01,bondb101,bondsbo01,bondsbo01,3
boonebo01,"Gold Glove",1978,NL,NULL,C,1300,boonebo01,boonebo01m,boonebo01h,1947,11,19,USA,CA,"San Diego",NULL,NULL,NULL,NULL,NULL,NULL,Bob,Boone,NULL,"Robert Raymond",NULL,202,74.0,R,R,1972-09-10,1990-09-27,Stanford,boonebo01,boonebo01,boonb001,boonebo01,boonebo01,7
boonebr01,"Gold Glove",1998,NL,NULL,2B,1301,boonebr01,,,1969,4,6,USA,CA,ElCajon,NULL,NULL,NULL,NULL,NULL,NULL,Bret,Boone,NULL,"Bret Robert",NULL,180,70.0,R,R,1992-08-19,2005-07-30,USC,boonebr01,boonebr01,boonb002,boonebr01,boonebr01,4
bottoji01,MVP,1928,NL,NULL,,1353,bottoji01,bottoji01m,bottoji01h,1900,4,23,USA,IL,Oglesby,1959,12,11,USA,MO,St.Louis,Jim,Bottomley,NULL,"James Leroy","Sunny Jim",180,72.0,L,L,1922-08-18,1937-09-16,,bottoji01,bottoji01,bottj101,bottoji01,bottoji01,1
boudrlo01,MVP,1948,AL,NULL,,1359,boudrlo01,boudrlo01m,boudrlo01h,1917,7,17,USA,IL,Harvey,2001,8,10,USA,IL,Frankfort,Lou,Boudreau,NULL,Louis,NULL,185,71.0,R,R,1938-09-09,1952-08-24,,boudrlo01,boudrlo01,boudl101,boudrlo01,boudrlo01,1
bournmi01,"Gold Glove",2009,NL,NULL,OF,17886,bournmi01,,,1982,12,27,USA,TX,Houston,NULL,NULL,NULL,NULL,NULL,NULL,Michael,Bourn,NULL,"Michael Ray",NULL,180,71.0,L,R,2006-07-30,NULL,Houston,NULL,NULL,bourm001,NULL,bournmi01,1
bowala01,"Gold Glove",1972,NL,NULL,SS,1368,bowala01,bowala01m,bowala01h,1945,12,6,USA,CA,Sacramento,NULL,NULL,NULL,NULL,NULL,NULL,Larry,Bowa,NULL,"Lawrence Robert",NULL,155,70.0,B,R,1970-04-07,1985-10-06,"Sacramento CC",bowala01,bowala01,bowal001,bowala01,bowala01,2
boyercl02,"Gold Glove",1969,NL,NULL,3B,1409,boyercl02,,boyercl02h,1937,2,9,USA,MO,Cassville,2007,6,4,USA,GA,Atlanta,Clete,Boyer,NULL,"Cletis Leroy",NULL,182,72.0,R,R,1955-06-05,1971-05-23,,boyercl02,boyercl02,boyec102,boyercl02,boyercl02,1
boyerke01,"Gold Glove",1958,NL,NULL,3B,1411,boyerke01,boyerke01m,boyerke01h,1931,5,20,USA,MO,Liberty,1982,9,7,USA,MO,St.Louis,Ken,Boyer,NULL,"Kenton Lloyd",NULL,200,74.0,R,R,1955-04-12,1969-08-09,,boyerke01,boyerke01,boyek101,boyerke01,boyerke01,5
boyerke01,MVP,1964,NL,NULL,,1411,boyerke01,boyerke01m,boyerke01h,1931,5,20,USA,MO,Liberty,1982,9,7,USA,MO,St.Louis,Ken,Boyer,NULL,"Kenton Lloyd",NULL,200,74.0,R,R,1955-04-12,1969-08-09,,boyerke01,boyerke01,boyek101,boyerke01,boyerke01,1
